"id","name","description","parentId","image","serviceTypes"
"0dPeu6TzKtfS5kddE8i0","Cerrajería","Especialistas en cerrajería - Tarifa por cancelación 10%","wZvEJHJ6Q2eBOEWn3if2","https://firebasestorage.googleapis.com/v0/b/manitoxpress-cf855.appspot.com/o/categories%2FH_Cerrajeria.jpg?alt=media","[{""name"":""Auxilio llave dentro del vehículo"",""id"":""auxilio-llave-dentro-del-vehiculo""},{""name"":""Deschapado de puertas"",""id"":""deschapado-de-puertas""},{""id"":""instalacion-de-chapas"",""name"":""Instalación de chapas""},{""id"":""duplicado-de-llaves"",""name"":""Duplicado de llaves""},{""name"":""Personalización"",""id"":""personalitation""}]"
"3nikpxFQAWAQLOGk9lYG","Area de salud","Profesionales en el área de salud - Tarifa por cancelación 10%","h3ZOnJLzLTKldW8Py7wC","https://firebasestorage.googleapis.com/v0/b/manitoxpress-cf855.appspot.com/o/categories%2FP_Medico.jpeg?alt=media","[{""name"":""Médico general"",""id"":""medico-general""},{""id"":""nutricion-clinica"",""name"":""Nutrición clínica""},{""name"":""Fisioterápia y kinesiología"",""id"":""fisioterapia-y-kinesiologia""},{""name"":""Enfermería"",""id"":""enfermera""},{""name"":""Personalización"",""id"":""personalitation""}]"
"4nEaRhSHpcxYcbryVrpK","Electricista","Especialistas en electricidad y solución de circuitos - Tarifa por cancelación 10%","wZvEJHJ6Q2eBOEWn3if2","https://firebasestorage.googleapis.com/v0/b/manitoxpress-cf855.appspot.com/o/categories%2FH_Electricista.jpg?alt=media","[{""name"":""Maestro"",""id"":""maestro""},{""id"":""ayudante"",""name"":""Ayudante""},{""name"":""Instalación/Reparación punto eléctrico"",""id"":""instalacion-reparacion-punto-electrico""},{""name"":""Cambio de focos y pantallas"",""id"":""cambio-de-focos-y-pantallas""},{""name"":""Personalización"",""id"":""personalitation""}]"
"5OF9nRYFsjzsymh1hZZN","Aire acondicionado y calefón","Especialistas en Instalación, limpieza y refacción - Tarifa por cancelación 10%","wZvEJHJ6Q2eBOEWn3if2","https://firebasestorage.googleapis.com/v0/b/manitoxpress-cf855.appspot.com/o/categories%2FH_Aire.jpg?alt=media","[{""name"":""Instalación aire acondicionado"",""id"":""air-conditioning-installation""},{""name"":""Instalación Calefón"",""id"":""heater-installation""},{""name"":""Mantenimiento aire acondicionado"",""id"":""air-conditioning-maintenance""},{""name"":""Mantenimiento Calefón"",""id"":""heater-maintenance""},{""id"":""air-conditioning-relocation"",""name"":""Reubicación aire acondicionado""},{""name"":""Personalización"",""id"":""personalitation""}]"
"8Bdv0Ir5sAErddd8jW94","Cocina y catering","Especialistas en gastronomía, y servicios de cocina - Tarifa por cancelación 10%","h3ZOnJLzLTKldW8Py7wC","https://firebasestorage.googleapis.com/v0/b/manitoxpress-cf855.appspot.com/o/categories%2FP_Eventos2.jpg?alt=media","[{""id"":""cocinero"",""name"":""Cocinero""},{""id"":""parrillero"",""name"":""Parrillero""},{""id"":""ayudante-de-cocina"",""name"":""Ayudante de cocina""},{""id"":""ayudante-de-parrilla"",""name"":""Ayudante de parrilla""},{""id"":""catering"",""name"":""Catering""}]"
"9GtGhWlmirDeVJGPRoqt","Técnicos de electrodomésticos","Especialistas en Reparación y mantenimiento de heladeras - Tarifa por cancelación 10%","h3ZOnJLzLTKldW8Py7wC","https://firebasestorage.googleapis.com/v0/b/manitoxpress-cf855.appspot.com/o/categories%2FH_Electronico.jpg?alt=media","[{""id"":""reparacion-de-heladeras"",""name"":""Reparación y mantenimiento de heladeras y freezers""},{""id"":""reparacion-de-cocinas"",""name"":""Reparación y mantenimiento de cocinas y hornos""},{""id"":""personalizado"",""name"":""Servicio personalizado""}]"
"GupAPQj7pRHS9HtEsoQE","Limpieza","Especialistas en servicios de limpieza - Tarifa por cancelación 10%","wZvEJHJ6Q2eBOEWn3if2","https://firebasestorage.googleapis.com/v0/b/manitoxpress-cf855.appspot.com/o/categories%2FH_Limpieza.jpg?alt=media","[{""name"":""Limpieza solo ventanas"",""id"":""limpieza-solo-ventanas""},{""name"":""Limpieza solo pisos"",""id"":""limpieza-solo-pisos""},{""name"":""Limpieza completa"",""id"":""limpieza-completa""},{""name"":""Limpieza/Mantenimiento piscina"",""id"":""limpieza-mantenimiento-piscina""},{""name"":""Personalización"",""id"":""personalitation""}]"
"HW9xvBPRO5A98hOzG4Qr","Plomería","Especialistas en servicios de plomería y detección de fugas – Tarifa por cancelación 10%","wZvEJHJ6Q2eBOEWn3if2","https://firebasestorage.googleapis.com/v0/b/manitoxpress-cf855.appspot.com/o/categories%2FH_Plomero.jpg?alt=media","[{""name"":""Arreglo de cañerías"",""id"":""pipe-repair""},{""name"":""Instalación de grifos/baños/duchas"",""id"":""faucet-installation""},{""name"":""Maestro"",""id"":""worker-master""},{""id"":""worker-helper"",""name"":""Ayudante""},{""name"":""Detección de fugas"",""id"":""leak-detection""},{""name"":""Personalización"",""id"":""personalitation""}]"
"J3n844lWm27PGmq3YlYU","Vidriería","Profesionales en el área – Tarifa por cancelación 10%","wZvEJHJ6Q2eBOEWn3if2","https://firebasestorage.googleapis.com/v0/b/manitoxpress-cf855.appspot.com/o/categories%2FH_Vidrieria.jpg?alt=media","[{""name"":""Instalación de ventanas"",""id"":""instalacion-de-ventanas""},{""name"":""Instalación de puertas de vidrio"",""id"":""instalacion-de-puertas-de-vidrio""},{""name"":""Instalación de espejos"",""id"":""instalacion-de-espejos""},{""name"":""Instalación de pesceras"",""id"":""instalacion-de-pesceras""},{""name"":""Personalización"",""id"":""personalitation""}]"
"M06JAG6gFPjvowpSVk2o","Arquitectura y diseño interiores y exteriores","Profesionales en el área – Tarifa por cancelación 10%","h3ZOnJLzLTKldW8Py7wC","https://firebasestorage.googleapis.com/v0/b/manitoxpress-cf855.appspot.com/o/categories%2FH_Arquitecto.jpg?alt=media","[{""name"":""Ampliación de cocina"",""id"":""kitchen-expansion""},{""id"":""house-expansion"",""name"":""Ampliación de casa""},{""id"":""social-area-expansion"",""name"":""Ampliación de área social""},{""id"":""kitchen-redecoration"",""name"":""Redecoración de cocina""},{""name"":""Redecoración de casa"",""id"":""house-redecoration""},{""id "":""social-area-redecoration"",""name"":""Redecoración de área social""},{""name"":""Decoración de interiores y exteriores"",""id "":""indoor-outdoor-decoration""},{""name"":""Paisajismo"",""id "":""landscape""},{""id"":""personalitation"",""name"":""Personalización""}]"
"UfYx7mmgXVsBnmajwUrN","Mudanza","Especialistas en traslado de muebles - Tarifa por cancelación 10%","wZvEJHJ6Q2eBOEWn3if2","https://firebasestorage.googleapis.com/v0/b/manitoxpress-cf855.appspot.com/o/categories%2FH_Mudanza.jpg?alt=media","[{""name"":""Ayudante de mudanza"",""id"":""ayudante-de-mudanza""},{""name"":""Camión de mudanza"",""id"":""camion-de-mudanza""},{""name"":""Camión + Ayudante de mudanza"",""id"":""camion-+-ayudante-de-mudanza""},{""name"":""Personalización"",""id"":""personalitation""}]"
"aEyz8O9yINaMF8p4FQhK","Canaletas","Especialistas en instalación, limpieza y refacción de canaletas - Tarifa por cancelación 10%","wZvEJHJ6Q2eBOEWn3if2","https://firebasestorage.googleapis.com/v0/b/manitoxpress-cf855.appspot.com/o/categories%2FH_Canaletas.jpeg?alt=media","[{""name"":""Instalación de canaletas"",""id"":""instalacion-de-canaletas""},{""name"":""Limpieza de canaletas"",""id"":""limpieza-de-canaletas""},{""name"":""Personalización"",""id"":""personalitation""}]"
"geAkBpcZyFYXNWGnhty1","Educación/profesor(a)","Profesionales en educación - Tarifa por cancelación 10%","h3ZOnJLzLTKldW8Py7wC","https://firebasestorage.googleapis.com/v0/b/manitoxpress-cf855.appspot.com/o/categories%2FP_Profesor.jpeg?alt=media","[{""id"":""matematicas"",""name"":""Matemáticas""},{""id"":""fisica"",""name"":""Física""},{""id"":""quimica"",""name"":""Química""},{""id"":""calculo-1"",""name"":""Cálculo 1""},{""id"":""calculo-2"",""name"":""Cálculo 2""},{""id"":""fisica-1"",""name"":""Física 1""},{""id"":""fisica-2"",""name"":""Física 2""},{""id"":""ingles"",""name"":""Inglés""},{""id"":""tutoria-tesis"",""name"":""Tutoria de tesis""},{""id"":""personalitation"",""name"":""Personalización""}]"
"h3ZOnJLzLTKldW8Py7wC","Servicios personales","Servicios varios por profesionales",,"https://firebasestorage.googleapis.com/v0/b/manitoxpress-cf855.appspot.com/o/categories%2FprofessionalServices.jpg?alt=media",
"i7cJInymptrDzJvmeoDL","Gimnasio y nutrición","Profesionales en el área Fitness - Tarifa por cancelación 10%","h3ZOnJLzLTKldW8Py7wC","https://firebasestorage.googleapis.com/v0/b/manitoxpress-cf855.appspot.com/o/categories%2FP_Gym.jpeg?alt=media","[{""id"":""entrenador-personal"",""name"":""Entrenador personal""},{""id"":""nutricionista-deportiva"",""name"":""Nutricionista deportivo""},{""id"":""entrenador-nutricionista-deportiva"",""name"":""Entrenador + Nutricionista deportivo""},{""name"":""Personalización"",""id"":""personalitation""}]"
"iEV4j5vJur7V6ZUBmSHE","Soldador","Profesionales en el área de soldadura - Tarifa por cancelación 10%","wZvEJHJ6Q2eBOEWn3if2","https://firebasestorage.googleapis.com/v0/b/manitoxpress-cf855.appspot.com/o/categories%2FP_Inmobiliario.jpg?alt=media","[{""id"":""Montaje-estructuras-metálicas"",""name"":""Montaje de estructuras metálicas""},{""id"":""Estructuras-metálicas-para-edificios"",""name"":""Estructuras metálicas para edificios""},{""id"":""Puertas-rejas-portones-ornamentales"",""name"":""Puertas, rejas y portones ornamentales""},{""id"":""Montaje-vigas-columnas-techos"",""name"":""Montaje de vigas, columnas y techos metálicos""},{""id"":""Refuerzo-reparación-de-estructura"",""name"":""Refuerzo y reparación de estructuras""},{""id"":""personalitation"",""name"":""Personalización""}]"
"nv1yfLUhhRJ0ow8ooY1M","Jardinería","Especialistas en servicios de jardinería - Tarifa por cancelación 10%","wZvEJHJ6Q2eBOEWn3if2","https://firebasestorage.googleapis.com/v0/b/manitoxpress-cf855.appspot.com/o/categories%2FH_Jardinero.jpg?alt=media","[{""id"":""corte-general-de-pasto"",""name"":""Corte general de pasto""},{""id"":""corte-y-des-hiervado-de-pasto"",""name"":""Corte y des hiervado de pasto""},{""name"":""Corte, deshiervado y podado de plantas"",""id"":""corte-des-hiervado-y-podado-de-plantas""},{""name"":""Colocado de pasto (Tepe)"",""id"":""colocado-de-pasto-tepe""},{""name"":""Motosierrista"",""id"":""motosierrista""},{""id"":""paisajismo"",""name"":""Paisajismo""},{""id"":""personalitation"",""name"":""Personalización""}]"
"oerjLKDkJ42FIfo6ilzq","Modista/costurera","Especialistas en servicios de modismo y costura - Tarifa por cancelación 10%","wZvEJHJ6Q2eBOEWn3if2","https://firebasestorage.googleapis.com/v0/b/manitoxpress-cf855.appspot.com/o/categories%2FH_Modista.jpg?alt=media","[{""name"":""Arreglo de vestido"",""id"":""arreglo-de-vestido""},{""name"":""Arreglo de prendas en general"",""id"":""arreglo-de-prendas-en-general""},{""name"":""Confección de vestidos"",""id"":""confeccion-de-vestidos""},{""name"":""Confección de prendas en general"",""id"":""confeccion-de-prendas-en-general""},{""name"":""Personalización"",""id"":""personalitation""}]"
"ofgvEBCreL64b4HrCTLD","Técnicos de computadoras y dispositivos electrónicos","Especialistas en instalación de computadoras y dispositivos electrónicos - Tarifa por cancelación 10%","h3ZOnJLzLTKldW8Py7wC","https://firebasestorage.googleapis.com/v0/b/manitoxpress-cf855.appspot.com/o/categories%2FH_Electronico2.jpg?alt=media","[{""id"":""instalacion-de-pc"",""name"":""Ensamblado de computadoras""},{""id"":""reparacion-de-equipos-de-pc"",""name"":""Reparación de computadoras y mantenimientos""},{""id"":""instalacion-de-programas"",""name"":""Instalación de windows y programas a elección""},{""id"":""instalacion-de-camaras"",""name"":""Instalación de camaras de seguridad""},{""id"":""reparacion-de-celulares"",""name"":""Reparación de teléfonos android""},{""id"":""reparacion-de-iphone"",""name"":""Reparación de teléfonos iphone""}]"
"qWPSMa5r4Yfwl3Q73Rvn","Belleza y estética","Profesionales en estética y belleza - Tarifa por cancelación 10%","h3ZOnJLzLTKldW8Py7wC","https://firebasestorage.googleapis.com/v0/b/manitoxpress-cf855.appspot.com/o/categories%2FP_Estetica.jpeg?alt=media","[{""name"":""Corte de cabello para dama"",""id"":""corte-de-cabello-para-dama""},{""name"":""Corte de cabello para varón"",""id"":""corte-de-cabello-para-varon""},{""name"":""Maquillaje"",""id"":""maquillaje""},{""name"":""Pintado de uñas"",""id"":""pintado-de-unas""},{""name"":""Personalización"",""id"":""personalitation""}]"
"uFvf1J3wr22BOFOiFs4b","Asistencia auto/moto","Especialistas en asistencia mecánica - Tarifa por cancelación 10%","h3ZOnJLzLTKldW8Py7wC","https://firebasestorage.googleapis.com/v0/b/manitoxpress-cf855.appspot.com/o/categories%2FP_Mecanico.jpeg?alt=media","[{""name"":""Auxilio mecánico"",""id"":""auxilio-mecanico""},{""name"":""Auxilio mecánico moto"",""id"":""auxilio-mecanico-moto""},{""name"":""Auxilio llave dentro del vehículo"",""id"":""auxilio-llave-dentro-del-vehiculo""},{""name"":""Auxilio pinchado de llanta"",""id"":""auxilio-pinchado-de-llanta""},{""name"":""Auxilio gasolina"",""id"":""auxilio-gasolina""},{""name"":""Auxilio grúa"",""id"":""auxilio-grua""},{""name"":""Personalización"",""id"":""personalitation""}]"
"wOm91xVIuu9KBqfYkjas","Albañilería","Especialistas en el rubro - Tarifa por cancelación 10%","wZvEJHJ6Q2eBOEWn3if2","https://firebasestorage.googleapis.com/v0/b/manitoxpress-cf855.appspot.com/o/categories%2FH_Alba%C3%B1il.jpg?alt=media","[{""name"":""Maestro"",""id"":""master""},{""name"":""Ayudante"",""id"":""helper""},{""name"":""Colocado de pisos"",""id"":""floor-laying""},{""name"":""Revocado de pared"",""id"":""wall-plastering""},{""name"":""Sellado de goteras"",""id"":""leak-sealing""},{""name"":""Personalización"",""id"":""personalitation""}]"
"wZvEJHJ6Q2eBOEWn3if2","Servicios del hogar","Servicios profesionales para el hogar",,"https://firebasestorage.googleapis.com/v0/b/manitoxpress-cf855.appspot.com/o/categories%2FHomeServices.jpg?alt=media","[]"
"xK8X0hElVtTooxjpi3Lt","Carpintería","Especialistas en creación y reparación de muebles - Tarifa por cancelación 10%","wZvEJHJ6Q2eBOEWn3if2","https://firebasestorage.googleapis.com/v0/b/manitoxpress-cf855.appspot.com/o/categories%2FH_Carpintero.jpeg?alt=media","[{""name"":""Colocado/Arreglo estantes"",""id"":""colocado-arreglo-estantes""},{""name"":""Colocado/Arreglo mesones"",""id"":""colocado-arreglo-mesones""},{""name"":""Colocado/Arreglo puertas"",""id"":""colocado-arreglo-puertas""},{""id"":""colocado-arreglo-ventanas"",""name"":""Colocado/Arreglo ventanas""},{""id"":""personalitation"",""name"":""Personalización""}]"
"xcRyLmqJOHAjUStWbSOt","Pintor","Especialistas en servicios de pintura, murales y letreros - Tarifa por cancelacion 10%","wZvEJHJ6Q2eBOEWn3if2","https://firebasestorage.googleapis.com/v0/b/manitoxpress-cf855.appspot.com/o/categories%2FH_Pintor.jpg?alt=media","[{""name"":""Maestro"",""id"":""maestro""},{""name"":""Ayudante"",""id"":""ayudante""},{""name"":""Pintado general"",""id"":""pintado-general""},{""name"":""Pintado de murales"",""id"":""pintado-de-murales""},{""name"":""Personalización"",""id"":""personalitation""}]"
"xeirGYDAqA2Q5o2dSLbV","Eventos","Especialistas en eventos - Tarifa por cancelación 10%","h3ZOnJLzLTKldW8Py7wC","https://firebasestorage.googleapis.com/v0/b/manitoxpress-cf855.appspot.com/o/categories%2FP_Eventos.jpeg?alt=media","[{""id"":""bartender"",""name"":""Bartender""},{""id"":""decorador"",""name"":""Decorador""},{""id"":""florista"",""name"":""Florista""},{""id"":""mesero"",""name"":""Mesero""},{""id"":""dj"",""name"":""DJ""}]"