"id","displayName","points"
"00rB1nfSA4QdbVzmpEBTWHo1Rkf1","Maritza rojas gallinate",0
"0Y1m1TffQSaPWGnNJPOMOBkhI4q1","Josue GuachallitaZ",
"0YffCIW8cWckkeYGD1TZj0WE0ny2","Iver Nina miranda",0
"0aqAb2GFyZa8z0eEUlrGIQFp1JY2","Mauricio Morales",
"0itjIKCF7ncyTyydM5lqat963A42","Araceb Mariño Camacho",
"0wSlLgb1mnboeUpVHXVy39nlU0P2","Jesus Tilila",
"1l5JAJyVujVGSXX7SnE9TFHCRkY2","Eliseo choque Garabito ",0
"1qNPGOXHCePP7sc9pqjPEKCgOLB3","David Huanca",
"24tCtGUzogTygUzp1qJZEHhMirn2","Jose Jail Ibarra Pinto ",0
"2g6mfbLv1FWGbIoAdOHcIAPKOM32","Jhoselin Rosemary Escobar Berrios ",0
"3TasNdAYeLODbd4s9nMYIMh9DKk2","Rosario netfali Flores sejas",
"3cGFJdknmYOVWAxTPlMrTGnx8QZ2","ELIAS ADUVIRI FLORES",
"3oHGi0Zf0NgaN0wIOZffryguGdE3","Zak Rafael Heredia Calzadilla",0
"3tutG3qBmhSPt7RZu4i7wC4lO6X2","Hernando Zanabria Lobo",0
"3yQF6tEgXFRWpYnLp0bV9xfdbV72","josé Alfredo Ortiz Alpiri",
"49CuT25Z6uXnwtFR4jIpVP72UU82","Jorge marcos Dorado perez",
"4LJamCwSWDOEPGnqh4CVCLR0kk83","Elena Lovera",
"4dTCTyg54BOWwsPkeC7Fbm63YB23","Filber Flores Cruz",0
"4eRhkpSahBRTpwaddInmuiAp0Yl2","Abelardo Uría Trino",0
"4g4KiS4glLWvzV3XArjrocJAqPt2","María Elena Moreno Arauz ",0
"52ihQUTbHERqqJ9dAygqKRL1v8Z2","Elmer Larico Mamani",0
"5YYGMvQtMYcDXQFHTJHYia38JMJ2","cristian Sosa Vaca",0
"5aCdGx2oBObEpyxmkST9x9NQPvf2","Yenny Aguilera Marquez ",0
"626wPIChrufdi7uY18EMlcHCAtl2","Eduardo Landivar eguez",
"6D7fNE2wYggChNvmYTcUQ4txtna2","Mirian Duran",0
"6ZdIwB3ThbgAwDItwChSZc0HT3Y2","José Luis Gonzales Terrazas",0
"6kIlbBxJRiTxcQQo2x7TMXg9udw1","María Andrea Barahona Prado",
"718hdoVIeEh4jM1h50tQg69Fg2s1","Daviñho Núñez Velázquez ",0
"79uH69TIDQfbQrcjXJnhydIBnx33","ana patricia paniagua gallardo ",0
"7DAeMKBeFBT7E2eng5MUzcBT6L62","Daniel Tenorio",
"7Mf1DXWEywaDKtoxay8sTYozaeh1","Limber Riera",
"7NBVLkaw8NhcJkXIS1jvCDK2YDR2","Eulalia Siñani Machaca",0
"7Q9tI5dM1kO2v9HD6vsM4Uel6dN2","José Luis limachi",
"7QV1F8pQ7yeKd714ZJga4dprh2k2","Ivet lucero Martinez oruño",0
"7bvwMW49bVYOOY6JbfBV7XPyVpn2","Nuage Laboratoire",
"7k758JBhdxauT0E3KM9Y6NFzRBC2","Zulema Choque",
"7x5qbvtWxmbHYCNQhvA7fLOKLwj1","Juan Carlos López Vaca",0
"85dYPwqVlia1muAntjau9ERNjVw1","cesilio cutamujai chiqueno",0
"896PU5faWpX1tnDgi4aAuZjOh4k1","Virginia Romero Sandoval",
"89gxhJM3nGMjTYVyCoTfMO7vBrt2","Jose Antonio Dorado Gonzalez",
"8BRNgyCiiNYe9bRtAiBi8Rcjxo52","Mishel Montecinos Galvez",
"8QAunPyJtqRbvf6KLy5HRJYtEhC2","elena vargas coronado ",0
"8y8OSqmpwoNH6dm6tVvc2c2Fai13","Poll Service",
"9BtZg9Xv2bSPvjpRQh9xo4f28Qo1","Delina Saldaña gonzales",
"9JhmSSjViXNR6ucAkCqlzgsJ8c53","Mariela Ortiz Saucedo ",0
"9MJXPcwe2kR4Rvakzn5Ph6Uenf02","Sergio Xavier",
"9mgGxVyWnbe7jgi185JXLTsUdjA2","ROLY Ghayner Jordan Dorado ",0
"9piv62Am7EXj3psaR6xWKM1qB362","Yuliana Mayerly Morales López ",0
"9puqBO0vxZWVOuv88zLNCREh7i62","José Antonio Yapori Moique",0
"9vgQzd346lYZzefq0xSaz5Zclxi2","Deiby Adrián Cruz Romero",0
"AE7ODG4fwnck2xXkGw53Tk4CDM43","Luis franco Quispe leaño",
"AIOx4djb1QQ7jVx8ROZb74wHJGj2","santiago vaca",
"Ai0XjOUrpLRFnzNgzQ7R2euLA7R2","Diego yuri Flores Ytamari",
"Amdy2TRu0AOl2a3S5OrPxg5RDy93","Yuyan St",
"B5xMznoAGSXuodlnNQV2JqOawsl2","Luis Sabas Inza Blanco ",0
"BHt9PTeWXNP84PluEanZG75Fhfn2","Gonzalo Mazo Copa",0
"BIY17U6cMnVZ0b0QjjCo5QchhE72","Mat Sempertegui",
"BW7sgPipDoNabLsWf35BYOkXrZG2","Juan Marcelo Bermudez Magne ",0
"BWzeu5Od1KcxNU7gAvkcyvcvHn43","JOSE ANTONIO ALVAREZ  TOWACA",0
"BZPQHaDYPXNII2q3i2Y97Dpdku82","z ohhh hoy",0
"C0nOPRcmXBfJtcSD7JLIz1O4J142","vanesa ayaviri ",0
"CJJIibla6hPLNxKyd5K24uGiNdu2","Gabriel Montenegro lijeron ",0
"CMPuUOPoPCZpspuTC9cflrCWyef1","Maria José Hervas",
"CU6XapBHxDeYPjzJVJkblq6AD2W2","Rose Escobar",
"CZjfYXpmz1SsrtWAY4308gZCGOr2","Juan Carlos guardia perez",0
"CrOr4P9SE4XbY7fXAXlMGMuPrL33","Jesus Arteaga Santelices",0
"DOn15QEHQtWMpV9npNFNwjjfnYC3","Cleidy Balcazar",
"DiHAtgIVW2XfZeyh6OyLgKzhi8e2","Ruben Julio Quispe Alberto",0
"DjYGgNpVwxTRvZgtEijEcDwjhD83","Gabriela Clemente Portuguez",0
"DyOXkdP3i5UXFmJDtRccyq5mzSd2","zulma cabrera sejas ",0
"Es4oI7Xss3ZOyQ8Gv4QFJcqUoUr2","Alex Adrien",
"EwEfwMvHkWgi4QK94KN1j6N9raR2","Carlos Díaz Vargas",
"F2Ey30dp5rcxlIi4kpNUxj77Dzx1","David Pro",
"F2lW8bvuR7UHkUiDGB1Vuj0qWnX2","Marcos Salinas Espinoza ",0
"FO6KkLgqFuPIAO1YKxax2bht1UL2","Grover Llaveta",
"FaBgXYSWtDbwstxEzRqN9Uhf6Eg1","Rosmery Duran Pedraza",0
"FnbaRDJIiRRLlnnijPNFx6wj7ay1","Perfil prueba Alfredo",10
"G8kuxzGhAAg0Q5ZeziUeMyN6Mwj1","Santiago Fernández",
"GB5TKXNoWzZOXYbx0w8fuUYXrBt1","Pastora Llaveta Soliz",0
"GCfTloZ6BpQQFI0kw8OaOtK2qVG2","brayan Barriga Vedia ",0
"Hrjxkjc9k8YU5hgZ8MpoUlsUm9y1","Liliana alejo castro ",0
"I67ROUJc7fgHywZPPcAD4SV0KbA3","Juan Duran Sanz",
"IDqJ9JSD4AZODSkrYmmDCc5cUmr2","Fabio Andres Torrico campos ",0
"ILfwOdMI84ee6dfsZM9raiB1fJG2","emersonmenachof007@hotmail.com",
"IM7ZOznQ45RkPL7b9OIAchMRBOF3","Jose carlos Saavedra",
"IPSQd905jNXPkCiEIrRauy3NIC72","Ruber Ramos",
"IT2VBRNfRLNnDp9F5d5M0MGqxng1","Katherine HF",
"IauFBiNO70bJd4qKUFFxXJ4Xp4z2","Saul Chavez",
"IcWxRn0jqVVlzajczDz8xBLT3zD2","Maximiliano Vela Ramos",0
"IlZAihfLaJcF1pt5Bcsjhpqp72v1","adalid rojas ",0
"Ivl1tUS09df89VqJSPzRdgm8qsn2","Restaurante Las cruceñas",
"JBBw8PB4ySZCnNKIR0yqfvxJdK62","Gloria Cazon Muñez ",0
"JXsyacmQJWeqIWkdicr2JFc4hFx1","Dibb Shafick Israel Araujo ",0
"Ja3rtxpKWuZjU48yQkwnG7pNlaX2","Veronica Claros Quiñones",0
"JaIUtxWYQEWiOL6qjRsyCYHbdYY2","Julio Cesar Juchani Contreras",0
"Jhe976pQVkMQy459yl5Ihv3eDuy1","Moniquite Moreno",
"JiSaNqizfzUi9div0itD7ce798j1","Alfredo zeballos sanchez ",0
"Jie9t0Bp7qSSCgY83Zk41TTkoF32","Esdimar perez Machua ",0
"JxHpcas4xDcoHaLqX14fgsjmdm62","Yuliana Arias Cespedes ",0
"KEmIjwtloqZbOx2khmZONP02XQp1","Emerson Menacho Flores",0
"KHLwI5cevVNI1CTrSmVAgUQjAgt1","Dilan adalid Huanca Choque",
"KHynJjX4cjWtIt2pFFq1l4cJwCQ2","Jesus Reynaldo Colque Jauge",0
"LCbXpQKQ4GUj9yHoZE0l0yijgVD2","Josué mosqueira moreno ",0
"LEmZuokIYYbOcARNhuclRhTuciZ2","Lesly sanjinez ilorca ",0
"LsNY792ZjggJGEYETCRLalxaWzk2","Ronald Barrionuevo ",0
"Lu4nPe95zpU6naez727rQUJj1L12","Marcos Quenebo Rivero ",0
"M1R82pJ3IQb99bkEd2NkBCno2z02","Absael Aponte Pino",0
"M8qPo2cUAvY4fZauqny2sQi8DW93","Bernardina Arispa Sejas",0
"MBcDVvrTh5NGS3DzJxhhGUpTNUs1","Carlos Ramiro Coaquira Aro",0
"MFU4tGwgZobvPDIlj2m7UzAKuKa2","Omayra Ibañez Ancieta",0
"MFVOWAiGlFa501akYlPSWglSlUb2","Edwin Velasquez jaldin",
"MJqnbMSXhnRzD4s9kNuYSJfkny72","prueba pep",0
"MNCGCMPirqXDBp3eQxw8GfPOk0O2","Mario Galvez ortiz",
"NjzhsNoOOjPwpJ6MMIUp74mzOIs2","Stephanie Parada Dorado",400
"NubQ6qZKG4fdwjTkXFaOYLKtLtW2","Infinit12 Scz",
"Nw8BAVgZe6ZFLqS8iy7SdtPm6lB2","Jose Carlos Rueda ",0
"OtgUcRxbuDgD2KTZBZbdqdF6UJx2","Marisol Arroyo Villan",0
"PFHbZpPPbmYSlui6tPbpGCCioLo2","Cristian Rodríguez Vargas ",0
"PQsg28JYcCeRisrT3AaXfkp5yFj1","Limbert Jimenez Gamboa",0
"PiR7iF7gCffuBvrZjTS0QH4pNSg2","Sherly Caceres",
"Q8hRl6AIbcfocbf3NN7dGQBlMH92","Carlos Peralta Lopez ",0
"QCCWptSyFiNuQlR3BxwcKTqMclj2","Damian Ortiz Carrriob",0
"R06wFcrQeGRn7xZOGwv1Jqch4FO2","Jimena Flores Moreno",0
"RJuTMKsIGbdTyTWSOAt1ThuNjRE2","María Mariela Oruño Huanca ",0
"RLjGi2O4PzNZVgnMB5IJn1LUxeK2","Milton Miguel Flores ricaldez",0
"RLpjAQ8R6ZeasqUnldkQNl8iNrm2","maya cielo mendoza",
"ROH4wJcepDepV9ywxuLd2cS0MWX2","Matilde Lopez Guerra",0
"RPHpYaICmsPtDG7H7yTfilgwFxE3","Ricardo Bustamante",
"RzL04eHEjCYAjuzjqnl0ZTpgIly2","Javier Mayfield",
"SCHPPjnl7fZijqMhh4E7firvPxE2","Rayven Vasquez",
"SQW5YPopFHgawhUDM0AJy4m2KN13","Crisbel Alvarez ",0
"SZP77FVgn2XdYbgMd8MDFF5Uemo1","Jaime Angel X",
"Sdmvt1AVw9TyzgoIxZqRqJxAjd62","Fermin Hackler",
"SitXfxM71kehkOYk35nAHBfCEUT2","Carlos alberto Arauz cayuba",
"SjCiBTdkIDdprXmIJjV92NgauKy1","heidy jhoselin aro  mamani ",0
"SleganxVN2eWxTcDDtsKIpzphVC2","Luis Enrique espada Carvajal ",0
"SomZvbHlAKb8eaLmpzPLG4iOVH72","Ronald Pacheco Tuco",0
"Spb9evbJnMTHf6IsCVNbPXg0xCM2","Claudina Padilla Bustamante ",0
"SwfqbD9vDDUuzq4OP91SkCtlMmZ2","Ronald andres Oliver chavez ",0
"Te7dBk3xncYtRZP1eFrH4MkF1BQ2","Esmid F. Guardia",
"U20BKEoXZuegk3ZZGqRRTa7gpts2","Juan Carlos Hurtado Aguilera",0
"UkMrTaO5rugbpOHUaQBB6APL5Pu1","walter sosa lino",0
"V3AXd29YwFe5KYfrgOBOovugJmR2","Sabino Quispe Velarde",0
"V7ahoPk7BLe1Xeq8AgtDYxpr1zV2","Robert Deivi Viravica Rodas",0
"VmNOvGlCr4VH2yTFdwYUY8LqeBa2","Beimar Andrade rodado",
"VtMYTAsUQjO9ZMijKRq1aAEHfJZ2","Juancarlos Mamani apaza",
"W7wrof1Ng9UryojuMvGsOfPBQQ52","Elias Ayca",
"WCOgpQx3mKXF43sIu9s7f7Q309u1","Carlos Eduardo ",0
"WOXn0Mvn09PJd5ioCssVTkWtGUa2","Andrea Borja ",0
"WWnBNjywnFYxXxr6Gnga9TMOIBg2","Darlin Yuliana Totora Ibarra ",0
"WehdQaPE3dZkHDf5dQ20hYBrzxC2","celena Zarate escobar ",0
"WoM7ipk7JSZXCZDYuQ2LR9gZ9Ay2","Toribia Caseres Mamani ",0
"WtRALbdAzsUDq5Ak66YWOUi1rhl1","yovani Barriga Chávez ",0
"WuIiTjhKqGfdMDKtoOYBLyePVSn2","Gustavo Vargas Maldonado ",0
"Wxv0m90hYpYZDB1oj4xDwlBbhMw1","limbert quispe alberto",0
"X1E6QB9LziftoSlCCzwAo0WV48z2","Enrique David Garcia Vedia",0
"X3JBg9VA44dZ3GqS4AgcMVrr8X93","Ana Isabel Oropeza Villanueva",
"XGGQ2nXZWsSsb1o7ZkfU8690n1g1","Claudio Brayan Banega Solis ",0
"XuxMgHK1A6RWOecYFbrHjsK4blu2","Sandra Arnez Revollo ",0
"YHdv0hzxDpSrhXt7wM9pRajyPqZ2","Yahannah Urquiza",
"YUz4bVoZI0MFA46aIoEWnqGB16a2","Armando Torrico",0
"YYT2hknFVSb0XWBkfmZE4kdIsnr1","Victor Hugo Mendoza Leaños",0
"Yi4zR5KPxiUDAdSD7bm48LsLTZ82","Tatiana Paredes Melgarejo ",0
"YrcDNga1DJfauWSyqcRrMd8PnLv1","David rojas antoriano ",0
"YxqSzgkpZ9axSMa7LK1ZcUlHe4m1","Jason Condori",
"ZWjtslDwqoVtPWiRGFggDl6Ytjn1","Luis angel Mendoza avila",
"Zf7eN043igTtpBK1XpGFzbsMTDI2","damaris arce aguilera",0
"ZjuEJhfeOsPbzv0BBQelwzQOAW52","DELINA SALDAÑA GONZALES",
"ZrkSbvAsd5QJ5673lJkJtUQvLP22","Maritza Salas",
"aEoMw2nuOEZqbDIaOoD4S7WLiPh1","Emilio Vargas",
"aI7nRiX4zUOluZicqwG6x1LDneu1","bladimir velasquez Jaldin ",0
"aKXqRuvfjBTm74kGqOBGcWUb3po1","Robert Muñoz Maizer",0
"aKazwwymLDgmajNb0VeVVDc1zYx2","Rodrigo Mariaca Cardozo ",0
"aLv6y1Db7sPkaRzIC4CvlnZSNxi2","María José Galarza Peñaranda",
"abB81JQH3VfxMWsUmHlDmeabVA02","benedicto sifuentes aratea",0
"acVKkFjpuNe2zdSWTS4WpNyPkOd2","erasmo garcia albarado",0
"awmyAFpw0dUpmqb5HKIGo8cPmGS2","jesus flores Caba ",0
"b8vZqiZo4fNuqi6IUcJZgxX6xMO2","Neidy Selina Severich Patiño",0
"bS2ipppCc5VXhr5D3pixNWRxOoJ2","Manitos Xpress",20
"bUr4tj2Sa7hepT7h8O30545drfe2","Koraly Vargas",
"bXrSghMMtOgdwNAPoCdW9BMxnnz2","Michelle Bort Bravo",
"bhRyC6Iv1uMkM14AJjzVRWdTVXi1","Edwin baldiviezo choque",0
"c8GEK88lkMOnpvElwyV4XH0y0ah2","Yessica Pacheco Aguilar",0
"cGKpkjb1uec0hf2crTqWl1zSdwq2","leonel condori aguilar",
"cbwkHHLA88XB4JqCTET6Jw6CDx62","Raquel tamayo gonzales",0
"ceiNrJjxYGPBn64utU0fVhIoxPn2","Claudia Kataro Ruiz",
"dK65kAWQakdKJgCct4eUpArRvVO2","Natividad Viza",
"dRZafZNQR6aiKTLuZHHZr6MXT0B3","GILBERT YONATHAN SALAZAR TORRICO",0
"dWLqHLWyMfZ4q0mw7WNbV36A4u82","Magdalena Miranda solares",
"dp8kmVSQyRe8JdX9IAvDmbHi5GF3","ana isabel cespedes montero",0
"e9QNcLFnUcMPXsP0KwhwKcvFzLs2","Maycol Rodríguez mapaqui ",0
"eHt49Y1KnodcD6kBTM8zzZYbxSh1","Benigno Villalba delgado",
"eMU7dCqUb2MQNaCAdljrhHBe7Xx2","nayeli caceres yana ",0
"fSW8fDxbSqOg1k6ej3OnEjXGSiq2","Jose luis Lopez rodriguez",0
"fd8e4eWj65f6km0DBk4lsNimLtA2","Eddy Felix Quisbert Huanca",0
"fdIhxpejwNWiDDMf7T1UnnVNqL93","Marcelino angulo paucaro",0
"fjpyOX1o77a0K2iVy5pO6052GbB3","Vicente Soliz Lopez",0
"fnGYZZdRRvXeVvPK1IyYkGDrw052","Jonathan Vargas Garcia",0
"fwD1sRo8vkYfRus7RiesP8a01Hi1","Luis Felipe Chavez Román ",0
"fxKCZc0e06Q5n2G6oqXoYlHBteu2","lizeth Laime condori ",0
"gFnxoDu8ZFg5baSFVPPSZeNesgG3","Juan jose Cortez gutierrez",
"ga3GsWpJqBU68B6ePsABCgk6LuG2","Rosmery Alvarez",0
"h4bNiIuzbPgh8PiI1DsfXDtE0FB3","Americo Aguilar Gioy",
"hDr5MO8qSzeezVCsrZnzHo0cXo62","Abigail Rivero Romero ",0
"hEY57Tmq8GhXUoA1HKAogBO3vBM2","Guido Malale Padilla",0
"hRtTeCM915MvfadjubLgGkrAJ8f2","Maritza victoria Tapia",
"hZlTUHQwOjfK67tfQuqnZd27ALu1","Nelson Santos Quispe Rosa",0
"he89INXEdWNYQ2vm2xGLFf0FjWI2","limberth ",0
"hlhjk8Y8hhdhjI4ExePxBJWLAXh1","El JoCker",
"i7TbFqgD5lcazbsyO9LzPUuUZrf2","Yaneth Romero arispe",
"iSFFF7Tt7ITzkAcPmkM1FuFYsyF2","kelsy Ríos Mendoza",0
"iSjThcDtTWdwQjHQaLoOTDmWwx13","Hilda Hedith Barrios Aguilar",0
"iw5aLrJ2eqR2yKwIQWtMuoxmFhl2","Ysabel Justiniano Castedo",0
"ix27oCOcB2TmMdzKzcr8QRSEJt33","Cristian Miranda ",0
"jBkhZQcseMMYjqdIJMcH2IN6fAL2","Emer Gálvez Montes",0
"jHeuMNX4MJPFV6vBwHx31CrEepw1","Tatiana Ayala maenga ",0
"jMd8dU6cjCOSXTENWjWYt8Ch9Ot2","leidy morales garcia ",0
"jon9fNbu1lVDoCEXGuuHln7Nhyv2","Calecito",
"k2nLDVfkjXYaTD7u3n52C7fI5nG3","Helio alexander Masay",
"k9wPcr1imGRpi4xjmX2dgAULCb83","Cristian Daniel Rios Sura ",0
"kQ95g3dzooNpAQAPDoZUncAFo7h2","Luna M Alvarezx",
"kS9JbhxbddaOZdhOhaj3O1vfwHv2","Ricardo García Laime",
"kukIfDdNCGh2dKZnkVF5EgTePLB2","Paulina Tellez Llanos",0
"m3DPaAstILdEpb1G7jQTA9XDJfT2","Eduardo Serrano Mamani",0
"mU9W3Z8ejMh9FMsU8wejYvxF7qC2","Marlene Cutipa Mencia",0
"mW4AaYmvyCfsib1GUFryeqI7pZm1","Carolina Gandarillasr",
"mXXOwMP5pQN8cglEx7rhaevJGdI2","Manuel alejandro Escalante rocha ",0
"mdMhFew13qanYaN6OvOMPqmGqZ63","Jose Brañez",
"mnK2EeyOA1elOlLQ0oLp4jz4mFp1","Jhon paul Jimenez",
"myQ5gmTyYPayAt7HX8GrG71tnoq1","Oscar Henry Perez Centellas",0
"nTJgkjBvuWhpuQqkz3FTpieOiG13","Gabriela salas jordan",0
"ncJb5MKTmdOiuK0UDtRYcm6sq212","Javier higa Fukuhara",0
"nhhGZCzq1jN1gN531sG7Ry8jXEk1","Juanito Torrico Terrazas",0
"nlgyfbo2OthL7fx1wvUwZiTwBHv1","Denis Erick Miranda Quispe",
"nneCBo3EPpVmBGbzfwjOqtUgz6x1","DANIELA RIVERA VILTE",0
"o6Pm4aRLqvhrETJJQ2sdnfVLUrO2","Richard Carlos Paucara Mendoza ",0
"oAAF7WF3FDae8njneZwdz9Z91Fb2","Isel Arauz Soto",
"oAIifWWvnsYw54cbWBt16QrZclY2","Ana Zorah Ibañez Soto",0
"oCjIdB0iuEc2ktPUnasdRfFCfVl2","Vladimir Huayhua Condori",0
"oL6lQRSqRfbFrg8NTApWceJfth62","Felicidad Montiel",0
"oS8H15UVrwVMroYihXAQOuJAKhC3","Juan Carlos Ramirez chocllo",0
"odOujgz8bdduzl4sFtlMljt07DT2","Jaqueline Zarate Arispe",0
"p9u4A87DXkdAdQPOlHIr1O9ZC8G2","Zaida Balcazar Moreno",0
"pEu6qCwbNIfjN8MOMu1zceZEcrC2","Evelin Ayaviri santos ",0
"pXLtboCpp3Z9xUds3zAR9kbdcIf1","Primitivo Colque Medina",0
"pXyMCzfa3TegvekiYYDZhrwCjuE3","Nasario Hinojosa Nova",0
"pdHlDoG2GpQepTkQit0JxLWmWar1","Erika Palacios",
"pfU6tjNUWlVr8FPRp27VuaSIXEy2","Lunita Moreno",
"qUm4CIiUv2aATNrv2egog3nWd7i1","Adalberto Lijeron Castedo",0
"qvkB23U6N2ds7nrgfUJ6bxwhXZY2","Yessica evelin Castillo Mendoza ",0
"r2cDdUKDHdc8i4QXWWv9iH1bWAf1","Juana Mamani Duran",0
"rBHw3TUoV6e2vtGv25zD1PKnf5y1","Sofia Salinas",400
"rEQ9f2PbEmgaJQJnH4NL6wJsyB12","Lexin Fernando Valdivia Méndez",
"rwOMWuEgwJSXMlrwtHdGw7xQgt93","arturo justiniano roca",
"sGpVrGPP4aeNaHistUcBNc4igXn2","Shirley Suarez Justiniano ",0
"sHg8MHl3ESPTwMHDq0dFDXbkuey1","MARIA JOSE GALARZA PEARANDA",
"sPMpCTzakNh2jb4XIveYuRXC2UQ2","René Berrios Navarro",0
"sbSoB7Jn5Kftx6UkeAdDRjf02QA3","Santos Jesus Yana Quispe ",0
"sye4ZAkZMNdK3CshDJD8aOlJMd53","Santa Euladia Cesariz Sanchez",0
"tDYK4lc7TTZc25wE18pecD74EQ33","Laura Alejandra Burgos Mercado",70
"tXf7AQsmKPaiPsZUtMQv6jJzTRu1","José Pascual Contreras",0
"tl5smr5ONzN8lBm8e9wzQOdkCQH3","Angelica Guardia Arteaga de Ayala",0
"tq32JVWVzzYYWSpD9wwFsufPurg1","Ana Karina Rocha guillen",
"tzQpdW0jGBQTpF4zMUVtEJwPYZ83","Samuel Gallardo",
"uFxPTWkiMKYAT4MNb0SAzOs5uXv1","José Luis Daza Rocha ",0
"uHX7HTx1QHRNVdMl2niwIIM97VP2","adita salazar valenzuela ",0
"umGAO6lDJTfTsRi0UfDbQZB6WAp2","Christian Manuel Lopez Torrez",0
"vOOf5nZr8zV2ofH3LBB35gKs9Bt1","Yadimar ",0
"vPGUoWEanYg9QOW6fNBCxveRHBs2","José Luis Vargas ayala ",0
"vTIqeM6gLEXyWMliUDNTKTyCflN2","Diego Armando Gonzales Duran ",0
"vm2b5qMfKtPNvPYXjcYTZ0Sdy2z2","Gabriel Antonio Sejas Algarañaz",
"vzw4BhQgz2gfduwuKBlbH6YEQ6m1","Jhosselin Soruco bejarano",
"w11pPDnv23faI4rTzy33Ibq1So62","Margarita Cahuana",
"wGPyA4xBN1TXkWEGlndaLlQCrKq1","gonzalo aguilera mojica",0
"wOJJSkFxpOhXnJHUjC7f41zWhrq1","Empresa de Limpieza Hogar Limpio",
"wUzUij5Ug1flcOtIisrAkJWaF6G3","Juan Víctor Rocabado Rocha ",0
"wWnVvTKdk3SqJRjazd0JStnuXzI2","Jaime Navarro Mendez ",0
"wg1umJ9ZgaUrozmdJMZACSt3Egk1","Pablo Zabala",
"wzn5tJcSRTWFo9MWHBCjrxdkwb33","Danna fernanda Barrancos tamacuine",
"x7dzqTbLMNQvrJu0g4ki6LfG5ng2","Burgos Mercado Laura Alejandra",
"yR9BeF8c59ayyCFzQ0UxkDwXMC22","claudia vidal",
"yfIdBqCBRmRRN7A2DgdRT6qXTgt1","Juan Tomichá Muñuni",
"yllimSfwdZONOsob6tx7MutUuLF2","José Francisco Flores Medrano ",240
"zAFOJBkp6beqjmsLIcoCd1zCeEG2","Leandro Justiniano",
"zHWnbHWsZDfXLfv24mqTsEIw3BZ2","Raul Medrano Vidal",
"zXdjrBiTnJbeojhhCdufHolgn7a2","yonatan paz",0
"zbVmyvSkGmTiGijRH8RI4J8gWZo1","limberg Roger Quiroga Delgadillo ",0